{"id":"c74ccd38-fb76-4d47-85b8-e75615bfb003","revision":0,"last_node_id":0,"last_link_id":0,"nodes":[],"links":[],"groups":[],"config":{},"extra":{"ds":{"scale":0.6830134553650705,"offset":[1411.115883090817,504.4388681861841]}},"version":0.4}