{"last_node_id":0,"last_link_id":0,"nodes":[],"links":[],"groups":[],"config":{},"extra":{"ds":{"scale":0.6115909044841478,"offset":[1120.3063565010514,927.9583860474753]}},"version":0.4}